track,clf,fit_s,predict_ms_per_sample,acc,prec,rec,f1,bal_acc,prec_def,rec_def,f1_def,fpr,fnr,auc
6class,SVM (RBF),8.0959978103637695,2.6483641730414496,0.92962962962962958,0.92992782136770258,0.92962962962962958,0.92893913888350887,0.92962962962962958,,,,,,
6class,SVM (linear),3.3389005661010742,0.0089133227313006359,0.77407407407407403,0.77254679262412917,0.77407407407407403,0.76593976097460426,0.77407407407407403,,,,,,
6class,Random forest,17.004258394241333,0.32043898547137223,0.8925925925925926,0.89272612288284681,0.89259259259259272,0.89142107152238681,0.89259259259259272,,,,,,
6class,k-NN,0.0030517578125,0.21017304173222295,0.82592592592592595,0.87175196160851909,0.82592592592592595,0.79965751872502144,0.82592592592592595,,,,,,
6class,Logistic regression,2.2713322639465332,0.016223942791974102,0.81111111111111112,0.81138647555644094,0.81111111111111123,0.80904940577839424,0.81111111111111123,,,,,,
binary,SVM (RBF),14.048852443695068,0.78322723664005089,0.78114086146682193,0.77896067874041441,0.78135079096912918,0.77963539108127278,0.78135079096912918,0.81718061674008813,0.77941176470588236,0.7978494623655914,0.21671018276762402,0.22058823529411764,0.87131118766044269
binary,SVM (linear),5.9113070964813232,0.0011177085192572668,0.74738067520372531,0.74542886631538918,0.74782785176733879,0.74588050850345933,0.74782785176733879,0.7884187082405345,0.74369747899159666,0.76540540540540536,0.24804177545691905,0.25630252100840334,0.83889352085481717
binary,Random forest,22.871128797531128,0.10013524811537079,0.79161816065192081,0.79087274108160033,0.78570331526866621,0.78747057628327488,0.78570331526866621,0.79522862823061635,0.84033613445378152,0.81716036772216549,0.2689295039164491,0.15966386554621848,0.89417085372007821
binary,k-NN,0.0020039081573486328,0.070450330918548548,0.72176949941792778,0.7480157137122212,0.73721668824187636,0.72066560992700335,0.73721668824187636,0.86018237082066873,0.59453781512605042,0.70310559006211182,0.12010443864229765,0.40546218487394958,0.80874125106961847
binary,Logistic regression,0.071259975433349609,0.00095228654819262042,0.71711292200232823,0.7147940930197153,0.71669098448778989,0.71522181338943303,0.71669098448778989,0.75717439293598232,0.72058823529411764,0.73842841765339073,0.28720626631853785,0.27941176470588236,0.808642517059043
