track,clf,cond,level,acc,prec,rec,f1,bal_acc,prec_def,rec_def,f1_def,fpr,fnr
6class,SVM (RBF),clean,0,0.92962962962962958,0.92992782136770258,0.92962962962962958,0.92893913888350887,0.92962962962962958,,,,,
6class,SVM (linear),clean,0,0.77407407407407403,0.77254679262412917,0.77407407407407403,0.76593976097460426,0.77407407407407403,,,,,
6class,Random forest,clean,0,0.8925925925925926,0.89272612288284681,0.89259259259259272,0.89142107152238681,0.89259259259259272,,,,,
6class,k-NN,clean,0,0.82592592592592595,0.87175196160851909,0.82592592592592595,0.79965751872502144,0.82592592592592595,,,,,
6class,Logistic regression,clean,0,0.81111111111111112,0.81138647555644094,0.81111111111111123,0.80904940577839424,0.81111111111111123,,,,,
6class,SVM (RBF),brightness,0.5,0.8481481481481481,0.85328560328560332,0.8481481481481481,0.8463375199851505,0.8481481481481481,,,,,
6class,SVM (linear),brightness,0.5,0.70740740740740737,0.72571432070817365,0.70740740740740737,0.69961312967353162,0.70740740740740737,,,,,
6class,Random forest,brightness,0.5,0.84444444444444444,0.85134933727210582,0.84444444444444444,0.84171365469655957,0.84444444444444444,,,,,
6class,k-NN,brightness,0.5,0.77037037037037037,0.82404688994734132,0.77037037037037026,0.74661558256946103,0.77037037037037026,,,,,
6class,Logistic regression,brightness,0.5,0.59629629629629632,0.71583519013666075,0.59629629629629632,0.60258125585906364,0.59629629629629632,,,,,
6class,SVM (RBF),brightness,0.75,0.92592592592592593,0.92630626985002884,0.92592592592592593,0.92402918360922781,0.92592592592592593,,,,,
6class,SVM (linear),brightness,0.75,0.78148148148148144,0.77745057230351344,0.78148148148148133,0.77523015343267876,0.78148148148148133,,,,,
6class,Random forest,brightness,0.75,0.88148148148148153,0.88308995808995816,0.88148148148148164,0.87796423166100535,0.88148148148148164,,,,,
6class,k-NN,brightness,0.75,0.82592592592592595,0.86833942616594662,0.82592592592592595,0.80458447999082672,0.82592592592592595,,,,,
6class,Logistic regression,brightness,0.75,0.79629629629629628,0.80014906381366002,0.79629629629629628,0.7955308180501417,0.79629629629629628,,,,,
6class,SVM (RBF),brightness,1.25,0.8481481481481481,0.87182568815654715,0.8481481481481481,0.84814602098567826,0.8481481481481481,,,,,
6class,SVM (linear),brightness,1.25,0.7407407407407407,0.73541012487079505,0.74074074074074081,0.7300739515708311,0.74074074074074081,,,,,
6class,Random forest,brightness,1.25,0.82592592592592595,0.82973977982559222,0.82592592592592595,0.82160210089430563,0.82592592592592595,,,,,
6class,k-NN,brightness,1.25,0.79629629629629628,0.83222958640482447,0.79629629629629628,0.77294262124359214,0.79629629629629628,,,,,
6class,Logistic regression,brightness,1.25,0.7592592592592593,0.75898726719578147,0.75925925925925919,0.75119841072571658,0.75925925925925919,,,,,
6class,SVM (RBF),brightness,1.5,0.68148148148148147,0.75857048927792381,0.68148148148148158,0.67711566623549657,0.68148148148148158,,,,,
6class,SVM (linear),brightness,1.5,0.59999999999999998,0.62367340177059305,0.59999999999999998,0.59304288768914637,0.59999999999999998,,,,,
6class,Random forest,brightness,1.5,0.68888888888888888,0.70706923331550942,0.68888888888888877,0.68196594778506847,0.68888888888888877,,,,,
6class,k-NN,brightness,1.5,0.7407407407407407,0.75321839030045723,0.74074074074074081,0.72109114005898212,0.74074074074074081,,,,,
6class,Logistic regression,brightness,1.5,0.62222222222222223,0.65502080224302439,0.62222222222222212,0.6211377380337938,0.62222222222222212,,,,,
6class,SVM (RBF),noise,5,0.80000000000000004,0.82717195984218128,0.79999999999999993,0.79586365569177742,0.79999999999999993,,,,,
6class,SVM (linear),noise,5,0.6962962962962963,0.70863338245057184,0.6962962962962963,0.69659552604441632,0.6962962962962963,,,,,
6class,Random forest,noise,5,0.69259259259259254,0.72789234511008705,0.69259259259259254,0.67534872043690919,0.69259259259259254,,,,,
6class,k-NN,noise,5,0.71481481481481479,0.78211565005043271,0.71481481481481479,0.68890883040861783,0.71481481481481479,,,,,
6class,Logistic regression,noise,5,0.70740740740740737,0.75625177689157308,0.70740740740740737,0.71365151631566215,0.70740740740740737,,,,,
6class,SVM (RBF),noise,10,0.57777777777777772,0.57424128749429959,0.57777777777777783,0.52996805066837249,0.57777777777777783,,,,,
6class,SVM (linear),noise,10,0.52592592592592591,0.56608167439438706,0.52592592592592591,0.48561403813212584,0.52592592592592591,,,,,
6class,Random forest,noise,10,0.48148148148148145,0.50860389610389611,0.48148148148148145,0.41703045446859677,0.48148148148148145,,,,,
6class,k-NN,noise,10,0.47407407407407409,0.5316466282311747,0.47407407407407409,0.42059362811872453,0.47407407407407409,,,,,
6class,Logistic regression,noise,10,0.51851851851851849,0.59640948147140094,0.51851851851851849,0.47609664606357244,0.51851851851851849,,,,,
6class,SVM (RBF),noise,20,0.29999999999999999,0.25764317241001178,0.29999999999999999,0.21878702516788259,0.29999999999999999,,,,,
6class,SVM (linear),noise,20,0.35185185185185186,0.2774051490514905,0.35185185185185186,0.28279699416006815,0.35185185185185186,,,,,
6class,Random forest,noise,20,0.22592592592592592,0.11414141414141414,0.22592592592592595,0.12393162393162394,0.22592592592592595,,,,,
6class,k-NN,noise,20,0.25925925925925924,0.13872213256828642,0.25925925925925924,0.14906171191217918,0.25925925925925924,,,,,
6class,Logistic regression,noise,20,0.28518518518518521,0.26345315904139438,0.28518518518518515,0.198993598993599,0.28518518518518515,,,,,
6class,SVM (RBF),noise,40,0.17777777777777778,0.065011160714285712,0.17777777777777778,0.066783039585562254,0.17777777777777778,,,,,
6class,SVM (linear),noise,40,0.21851851851851853,0.20037498820791799,0.21851851851851853,0.12983741214328054,0.21851851851851853,,,,,
6class,Random forest,noise,40,0.16666666666666666,0.028957528957528959,0.16666666666666666,0.049342105263157889,0.16666666666666666,,,,,
6class,k-NN,noise,40,0.20000000000000001,0.074551569506726464,0.19999999999999998,0.093942054433713784,0.19999999999999998,,,,,
6class,Logistic regression,noise,40,0.18888888888888888,0.067901234567901231,0.18888888888888888,0.079861111111111105,0.18888888888888888,,,,,
6class,SVM (RBF),rotation,5,0.937037037037037,0.93721309889788162,0.937037037037037,0.9367513986566367,0.937037037037037,,,,,
6class,SVM (linear),rotation,5,0.76296296296296295,0.77176060238279132,0.76296296296296295,0.76298884451097415,0.76296296296296295,,,,,
6class,Random forest,rotation,5,0.90000000000000002,0.90123920248143852,0.90000000000000002,0.89917109873089329,0.90000000000000002,,,,,
6class,k-NN,rotation,5,0.8037037037037037,0.82251060409718235,0.80370370370370381,0.778111775765994,0.80370370370370381,,,,,
6class,Logistic regression,rotation,5,0.82592592592592595,0.82982443088826086,0.82592592592592595,0.82629254492907089,0.82592592592592595,,,,,
6class,SVM (RBF),rotation,15,0.91481481481481486,0.91863138101370678,0.91481481481481486,0.91433595032628834,0.91481481481481486,,,,,
6class,SVM (linear),rotation,15,0.57407407407407407,0.6341127525189757,0.57407407407407407,0.54756164763110848,0.57407407407407407,,,,,
6class,Random forest,rotation,15,0.8925925925925926,0.90162337662337666,0.89259259259259272,0.89250384024577567,0.89259259259259272,,,,,
6class,k-NN,rotation,15,0.64814814814814814,0.78567086409031706,0.64814814814814803,0.5991118385830988,0.64814814814814803,,,,,
6class,Logistic regression,rotation,15,0.68148148148148147,0.73735042949122021,0.68148148148148147,0.65721989013596183,0.68148148148148147,,,,,
6class,SVM (RBF),rotation,45,0.59999999999999998,0.51076991297892171,0.59999999999999998,0.50014042439872364,0.59999999999999998,,,,,
6class,SVM (linear),rotation,45,0.28888888888888886,0.36933000940102073,0.28888888888888892,0.25660551295493328,0.28888888888888892,,,,,
6class,Random forest,rotation,45,0.53703703703703709,0.4960564948871114,0.53703703703703698,0.47347960502030273,0.53703703703703698,,,,,
6class,k-NN,rotation,45,0.26296296296296295,0.38291110659531719,0.26296296296296295,0.18208083420324664,0.26296296296296295,,,,,
6class,Logistic regression,rotation,45,0.36296296296296299,0.31339356584752753,0.36296296296296293,0.29282452138057508,0.36296296296296293,,,,,
6class,SVM (RBF),rotation,90,0.3925925925925926,0.46979049932817052,0.3925925925925926,0.37229318297226621,0.3925925925925926,,,,,
6class,SVM (linear),rotation,90,0.2074074074074074,0.24024293110314612,0.2074074074074074,0.21063804983332587,0.2074074074074074,,,,,
6class,Random forest,rotation,90,0.33703703703703702,0.35754762383415278,0.33703703703703702,0.29335564330847347,0.33703703703703702,,,,,
6class,k-NN,rotation,90,0.28518518518518521,0.51246845524186957,0.28518518518518521,0.30588223204415105,0.28518518518518521,,,,,
6class,Logistic regression,rotation,90,0.35555555555555557,0.26377908240921938,0.35555555555555557,0.27758643918923948,0.35555555555555557,,,,,
6class,SVM (RBF),blur,1,0.8481481481481481,0.86163357715081856,0.8481481481481481,0.84673260052821486,0.8481481481481481,,,,,
6class,SVM (linear),blur,1,0.7407407407407407,0.7396004668486289,0.74074074074074059,0.7363243526073876,0.74074074074074059,,,,,
6class,Random forest,blur,1,0.8481481481481481,0.85432367149758459,0.8481481481481481,0.84632175965012901,0.8481481481481481,,,,,
6class,k-NN,blur,1,0.82592592592592595,0.86175730765894709,0.82592592592592595,0.80537804854005246,0.82592592592592595,,,,,
6class,Logistic regression,blur,1,0.7407407407407407,0.76436705792150095,0.74074074074074081,0.74401670377266704,0.74074074074074081,,,,,
6class,SVM (RBF),blur,2,0.31111111111111112,0.36250644994840037,0.31111111111111112,0.25764880952380953,0.31111111111111112,,,,,
6class,SVM (linear),blur,2,0.562962962962963,0.60405790693068395,0.562962962962963,0.53949610818031868,0.562962962962963,,,,,
6class,Random forest,blur,2,0.38148148148148148,0.5072667144624381,0.38148148148148148,0.34235687001581727,0.38148148148148148,,,,,
6class,k-NN,blur,2,0.6333333333333333,0.75809785650609618,0.6333333333333333,0.61767076685519828,0.6333333333333333,,,,,
6class,Logistic regression,blur,2,0.42962962962962964,0.59364392822848977,0.42962962962962958,0.40692353874835624,0.42962962962962958,,,,,
6class,SVM (RBF),blur,3,0.16666666666666666,0.033185840707964605,0.16666666666666666,0.055350553505535055,0.16666666666666666,,,,,
6class,SVM (linear),blur,3,0.40740740740740738,0.51983564901981605,0.40740740740740744,0.37278640950308911,0.40740740740740744,,,,,
6class,Random forest,blur,3,0.16666666666666666,0.036764705882352942,0.16666666666666666,0.060240963855421686,0.16666666666666666,,,,,
6class,k-NN,blur,3,0.42222222222222222,0.57248663959931567,0.42222222222222222,0.4070422486703606,0.42222222222222222,,,,,
6class,Logistic regression,blur,3,0.25185185185185183,0.24118730531774013,0.25185185185185183,0.17395610373578549,0.25185185185185183,,,,,
6class,SVM (RBF),blur,5,0.16666666666666666,0.027777777777777776,0.16666666666666666,0.047619047619047616,0.16666666666666666,,,,,
6class,SVM (linear),blur,5,0.25185185185185183,0.32906526608816683,0.25185185185185183,0.18415351550272185,0.25185185185185183,,,,,
6class,Random forest,blur,5,0.16666666666666666,0.027777777777777776,0.16666666666666666,0.047619047619047616,0.16666666666666666,,,,,
6class,k-NN,blur,5,0.27777777777777779,0.30904948496452639,0.27777777777777779,0.19018825160918362,0.27777777777777779,,,,,
6class,Logistic regression,blur,5,0.18148148148148149,0.071499306793424436,0.18148148148148147,0.091600529100529085,0.18148148148148147,,,,,
binary,SVM (RBF),clean,0,0.78114086146682193,0.77896067874041441,0.78135079096912918,0.77963539108127278,0.78135079096912918,0.81718061674008813,0.77941176470588236,0.7978494623655914,0.21671018276762402,0.22058823529411764
binary,SVM (linear),clean,0,0.74738067520372531,0.74542886631538918,0.74782785176733879,0.74588050850345933,0.74782785176733879,0.7884187082405345,0.74369747899159666,0.76540540540540536,0.24804177545691905,0.25630252100840334
binary,Random forest,clean,0,0.79161816065192081,0.79087274108160033,0.78570331526866621,0.78747057628327488,0.78570331526866621,0.79522862823061635,0.84033613445378152,0.81716036772216549,0.2689295039164491,0.15966386554621848
binary,k-NN,clean,0,0.72176949941792778,0.7480157137122212,0.73721668824187636,0.72066560992700335,0.73721668824187636,0.86018237082066873,0.59453781512605042,0.70310559006211182,0.12010443864229765,0.40546218487394958
binary,Logistic regression,clean,0,0.71711292200232823,0.7147940930197153,0.71669098448778989,0.71522181338943303,0.71669098448778989,0.75717439293598232,0.72058823529411764,0.73842841765339073,0.28720626631853785,0.27941176470588236
binary,SVM (RBF),brightness,0.5,0.73573923166472643,0.74300443034512931,0.74370022160300153,0.73572633818755973,0.74370022160300153,0.82005141388174807,0.67016806722689071,0.73757225433526008,0.18276762402088773,0.32983193277310924
binary,SVM (linear),brightness,0.5,0.69033760186263093,0.72446193667340353,0.70834521798275452,0.68782925656327198,0.70834521798275452,0.84313725490196079,0.54201680672268904,0.65984654731457804,0.12532637075718014,0.45798319327731091
binary,Random forest,brightness,0.5,0.78463329452852149,0.78523177012740586,0.7885830572437853,0.7841171987605231,0.7885830572437853,0.84235294117647064,0.75210084033613445,0.79467258601553825,0.17493472584856398,0.24789915966386555
binary,k-NN,brightness,0.5,0.70779976717112925,0.75368533905119273,0.72843758913487067,0.70410408075041342,0.72843758913487067,0.89198606271777003,0.53781512605042014,0.67103538663171691,0.080939947780678853,0.46218487394957986
binary,Logistic regression,brightness,0.5,0.65890570430733408,0.6940759912290162,0.67768830769905875,0.65545219956604173,0.67768830769905875,0.80808080808080807,0.50420168067226889,0.62095730918499348,0.14882506527415143,0.49579831932773111
binary,SVM (RBF),brightness,0.75,0.77648428405122238,0.78289121772828985,0.78429087039515544,0.77644762524398181,0.78429087039515544,0.86040609137055835,0.71218487394957986,0.77931034482758621,0.14360313315926893,0.28781512605042014
binary,SVM (linear),brightness,0.75,0.71827706635622812,0.73192640692640687,0.72921923338526007,0.71813916910727849,0.72921923338526007,0.8214285714285714,0.62815126050420167,0.71190476190476193,0.16971279373368145,0.37184873949579833
binary,Random forest,brightness,0.75,0.7927823050058207,0.79046924174280453,0.79262018123176159,0.79119051260761264,0.79262018123176159,0.8253275109170306,0.79411764705882348,0.80942184154175589,0.20887728459530025,0.20588235294117646
binary,k-NN,brightness,0.75,0.70896391152502913,0.74678088625203609,0.72770256927836408,0.70635289613301977,0.72770256927836408,0.8741721854304636,0.55462184873949583,0.67866323907455017,0.09921671018276762,0.44537815126050423
binary,Logistic regression,brightness,0.75,0.67986030267753206,0.69397214484679659,0.69098448778989408,0.67961020201951694,0.69098448778989408,0.77994428969359331,0.58823529411764708,0.6706586826347305,0.20626631853785901,0.41176470588235292
binary,SVM (RBF),brightness,1.25,0.76251455180442373,0.76006762569558639,0.76199343967351951,0.76069025040423022,0.76199343967351951,0.79694323144104806,0.76680672268907568,0.78158458244111351,0.24281984334203655,0.23319327731092437
binary,SVM (linear),brightness,1.25,0.72176949941792778,0.72068011714936542,0.72318823090593942,0.72058197061565576,0.72318823090593942,0.76993166287015946,0.71008403361344541,0.73879781420765023,0.26370757180156656,0.28991596638655465
binary,Random forest,brightness,1.25,0.77648428405122238,0.77518776434876746,0.77051747591987185,0.77211076106781629,0.77051747591987185,0.78286852589641431,0.82563025210084029,0.80368098159509205,0.28459530026109658,0.17436974789915966
binary,k-NN,brightness,1.25,0.71012805587892902,0.73993672355741325,0.72671248656120402,0.70850998589505099,0.72671248656120402,0.85579937304075238,0.57352941176470584,0.68679245283018864,0.12010443864229765,0.4264705882352941
binary,Logistic regression,brightness,1.25,0.68218859138533183,0.68774825403753814,0.68874925949492072,0.68212655729616378,0.68874925949492072,0.75696202531645573,0.62815126050420167,0.68656716417910446,0.25065274151436029,0.37184873949579833
binary,SVM (RBF),brightness,1.5,0.75902211874272407,0.75630685263796238,0.75501623625951686,0.75557577765345152,0.75501623625951686,0.77731958762886599,0.79201680672268904,0.78459937565036419,0.28198433420365537,0.20798319327731093
binary,SVM (linear),brightness,1.5,0.70430733410942958,0.70719213428214456,0.70921736840950478,0.7040149114429588,0.70921736840950478,0.77073170731707319,0.66386554621848737,0.71331828442437928,0.24543080939947781,0.33613445378151263
binary,Random forest,brightness,1.5,0.77066356228172295,0.76989054167836091,0.76373499791561539,0.76562073669849928,0.76373499791561539,0.77406679764243613,0.82773109243697474,0.80000000000000004,0.30026109660574413,0.17226890756302521
binary,k-NN,brightness,1.5,0.70547147846332947,0.73323494755325536,0.7214905544463216,0.70402747721921166,0.7214905544463216,0.84520123839009287,0.57352941176470584,0.68335419274092613,0.13054830287206268,0.4264705882352941
binary,Logistic regression,brightness,1.5,0.65657741559953431,0.67222446553155213,0.66844570726462904,0.65610016597521637,0.66844570726462904,0.75783475783475784,0.55882352941176472,0.64328899637243042,0.22193211488250653,0.44117647058823528
binary,SVM (RBF),noise,5,0.70896391152502913,0.7418758496226503,0.72642725497509708,0.70696195622509683,0.72642725497509708,0.86217948717948723,0.56512605042016806,0.68274111675126903,0.1122715404699739,0.43487394957983194
binary,SVM (linear),noise,5,0.67986030267753206,0.68837511942806318,0.68817879632270662,0.6798585672137768,0.68817879632270662,0.76377952755905509,0.6113445378151261,0.67911318553092181,0.2349869451697128,0.38865546218487396
binary,Random forest,noise,5,0.72526193247962745,0.74362896435587988,0.7380723830001974,0.72485586162716209,0.7380723830001974,0.84285714285714286,0.61974789915966388,0.7142857142857143,0.14360313315926893,0.38025210084033612
binary,k-NN,noise,5,0.57508731082654252,0.62729547522541163,0.60129286701625817,0.56135270161183137,0.60129286701625817,0.74025974025974028,0.3592436974789916,0.48373408769448373,0.1566579634464752,0.64075630252100846
binary,Logistic regression,noise,5,0.6577415599534342,0.65515853592211881,0.65648792153937285,0.65538726052071394,0.65648792153937285,0.70044052863436124,0.66806722689075626,0.68387096774193545,0.35509138381201044,0.33193277310924368
binary,SVM (RBF),noise,10,0.60651920838183937,0.68470390579699369,0.63628584593106174,0.58907200036232288,0.63628584593106174,0.83495145631067957,0.36134453781512604,0.50439882697947214,0.08877284595300261,0.6386554621848739
binary,SVM (linear),noise,10,0.59953434225844005,0.59826968973747019,0.59937578164425043,0.5977632338368053,0.59937578164425043,0.65000000000000002,0.60084033613445376,0.62445414847161573,0.40208877284595301,0.39915966386554624
binary,Random forest,noise,10,0.6216530849825378,0.69809692329914774,0.65045143383724247,0.60660572642840127,0.65045143383724247,0.85116279069767442,0.38445378151260506,0.52966714905933432,0.083550913838120106,0.61554621848739499
binary,k-NN,noise,10,0.50058207217694994,0.55032999164578111,0.53304572481734214,0.46947598460734474,0.53304572481734214,0.63428571428571423,0.23319327731092437,0.34101382488479265,0.16710182767624021,0.76680672268907568
binary,Logistic regression,noise,10,0.58905704307334106,0.5799806194594983,0.57334291418917438,0.57061981288507313,0.57334291418917438,0.60962566844919786,0.71848739495798319,0.65959498553519769,0.57180156657963443,0.28151260504201681
binary,SVM (RBF),noise,20,0.52037252619324792,0.6025644803268706,0.55727943919082001,0.47939393939393937,0.55727943919082001,0.72535211267605637,0.21638655462184875,0.33333333333333331,0.10182767624020887,0.78361344537815125
binary,SVM (linear),noise,20,0.53317811408614668,0.52685179067001453,0.52674868903174854,0.5267646771931126,0.52674868903174854,0.57763975155279501,0.58613445378151263,0.58185610010427524,0.53263707571801566,0.41386554621848737
binary,Random forest,noise,20,0.48544819557625146,0.54019968209815217,0.52219595409965547,0.44068930162396591,0.52219595409965547,0.62142857142857144,0.18277310924369747,0.28246753246753248,0.13838120104438642,0.8172268907563025
binary,k-NN,noise,20,0.4551804423748545,0.48655523255813954,0.49309958970533385,0.40252892149286029,0.49309958970533385,0.53125,0.14285714285714285,0.2251655629139073,0.1566579634464752,0.8571428571428571
binary,Logistic regression,noise,20,0.53317811408614668,0.50916458059315206,0.50710884876143669,0.48845128570686036,0.50710884876143669,0.55886970172684458,0.74789915966386555,0.63971248876909259,0.73368146214099217,0.25210084033613445
binary,SVM (RBF),noise,40,0.46100116414435388,0.50442718201338888,0.5019225705948176,0.39794307270544677,0.5019225705948176,0.56190476190476191,0.12394957983193278,0.20309810671256454,0.12010443864229765,0.87605042016806722
binary,SVM (linear),noise,40,0.49476135040745051,0.48930002627775587,0.48927913201834261,0.48927886459532033,0.48927913201834261,0.54449152542372881,0.53991596638655459,0.54219409282700426,0.56135770234986948,0.46008403361344535
binary,Random forest,noise,40,0.44703143189755529,0.46985411670663468,0.48345108278298266,0.39849928871002221,0.48345108278298266,0.50359712230215825,0.14705882352941177,0.22764227642276422,0.18015665796344649,0.8529411764705882
binary,k-NN,noise,40,0.45052386495925495,0.47564314396049878,0.4860922175658775,0.40525031098176356,0.4860922175658775,0.51369863013698636,0.15756302521008403,0.24115755627009647,0.18537859007832899,0.84243697478991597
binary,Logistic regression,noise,40,0.53084982537834691,0.50810729928993115,0.5065383855892226,0.49112646097715507,0.5065383855892226,0.5585874799357945,0.73109243697478987,0.63330300272975437,0.71801566579634468,0.26890756302521007
binary,SVM (RBF),rotation,5,0.77066356228172295,0.77035797586451671,0.76322487219430857,0.7652878508587605,0.76322487219430857,0.77192982456140347,0.83193277310924374,0.80080889787664311,0.30548302872062666,0.16806722689075632
binary,SVM (linear),rotation,5,0.7660069848661234,0.76383496993225242,0.76616495162033482,0.76444273453200018,0.76616495162033482,0.80353200883002207,0.76470588235294112,0.78363832077502693,0.23237597911227154,0.23529411764705882
binary,Random forest,rotation,5,0.76949941792782306,0.78336084112720827,0.75426750334598591,0.75751069289991446,0.75426750334598591,0.74216027874564461,0.89495798319327735,0.81142857142857139,0.38642297650130547,0.10504201680672269
binary,k-NN,rotation,5,0.72409778812572756,0.74277206584639588,0.73702196283213017,0.72366486816654785,0.73702196283213017,0.84240687679083093,0.61764705882352944,0.71272727272727276,0.14360313315926893,0.38235294117647056
binary,Logistic regression,rotation,5,0.7124563445867288,0.71096327487411015,0.71325449239748129,0.71104658843140434,0.71325449239748129,0.75846501128668176,0.70588235294117652,0.73122959738846571,0.27937336814621411,0.29411764705882354
binary,SVM (RBF),rotation,15,0.7660069848661234,0.76356602000773788,0.76157382012857366,0.76238878682162547,0.76157382012857366,0.78118609406952966,0.80252100840336138,0.79170984455958548,0.27937336814621411,0.19747899159663865
binary,SVM (linear),rotation,15,0.73806752037252621,0.73568436513981061,0.73763905039822719,0.73621428776151676,0.73763905039822719,0.77582417582417584,0.74159663865546221,0.75832438238453281,0.26631853785900783,0.25840336134453784
binary,Random forest,rotation,15,0.77997671711292205,0.7888187529634898,0.76729216490773855,0.77078683094803457,0.76729216490773855,0.75855855855855858,0.88445378151260501,0.81668283220174587,0.34986945169712796,0.11554621848739496
binary,k-NN,rotation,15,0.70081490104772992,0.72745030250648224,0.71652368519209242,0.6994446690818592,0.71652368519209242,0.83692307692307688,0.5714285714285714,0.67915106117353308,0.13838120104438642,0.42857142857142855
binary,Logistic regression,rotation,15,0.73108265424912688,0.72834072749866474,0.72980615222590339,0.72884693432741599,0.72980615222590339,0.7657266811279827,0.74159663865546221,0.75346851654215585,0.28198433420365537,0.25840336134453784
binary,SVM (RBF),rotation,45,0.6938300349243306,0.69300300720330088,0.68165412379050827,0.68282601950634647,0.68165412379050827,0.69613259668508287,0.79411764705882348,0.74190382728164872,0.43080939947780678,0.20588235294117646
binary,SVM (linear),rotation,45,0.70197904540162981,0.69828825839278807,0.69665895078658102,0.69728205805911636,0.69665895078658102,0.72448979591836737,0.74579831932773111,0.73498964803312627,0.35248041775456918,0.25420168067226889
binary,Random forest,rotation,45,0.73224679860302677,0.74643059668577916,0.71453254931215304,0.71573970694874478,0.71453254931215304,0.70847457627118648,0.87815126050420167,0.78424015009380865,0.44908616187989558,0.12184873949579832
binary,k-NN,rotation,45,0.52735739231664724,0.55305291051152194,0.54700287425675231,0.52018831790616027,0.54700287425675231,0.62589928057553956,0.36554621848739494,0.46153846153846156,0.27154046997389036,0.63445378151260501
binary,Logistic regression,rotation,45,0.57392316647264263,0.58158708158708161,0.58136779515983938,0.57390873015873012,0.58136779515983938,0.64550264550264547,0.51260504201680668,0.5714285714285714,0.34986945169712796,0.48739495798319327
binary,SVM (RBF),rotation,90,0.71594877764842846,0.71851719119914859,0.72074182153279076,0.71562466080538378,0.72074182153279076,0.78155339805825241,0.67647058823529416,0.72522522522522526,0.2349869451697128,0.3235294117647059
binary,SVM (linear),rotation,90,0.69150174621653082,0.68854576570488013,0.68975579788051,0.68893695929335586,0.68975579788051,0.72885032537960959,0.70588235294117652,0.71718249733191031,0.32637075718015668,0.29411764705882354
binary,Random forest,rotation,90,0.73690337601862632,0.73414788402193942,0.73556837878754633,0.7346591219725549,0.73556837878754633,0.77056277056277056,0.74789915966386555,0.75906183368869939,0.27676240208877284,0.25210084033613445
binary,k-NN,rotation,90,0.64610011641443543,0.68121425561374993,0.66511343440770565,0.64225984985478657,0.66511343440770565,0.79251700680272108,0.48949579831932771,0.60519480519480517,0.15926892950391644,0.51050420168067223
binary,Logistic regression,rotation,90,0.66821885913853318,0.66424094745738527,0.66415626302740416,0.66419768327058004,0.66415626302740416,0.70020964360587001,0.70168067226890751,0.70094438614900312,0.37336814621409919,0.29831932773109243
binary,SVM (RBF),blur,1,0.65075669383003487,0.69336028751123091,0.61804748008864119,0.59569621206416146,0.61804748008864119,0.62571428571428567,0.92016806722689071,0.74489795918367352,0.68407310704960833,0.079831932773109238
binary,SVM (linear),blur,1,0.75087310826542486,0.74791835794369965,0.74791835794369965,0.74791835794369965,0.74791835794369965,0.77521008403361347,0.77521008403361347,0.77521008403361347,0.27937336814621411,0.22478991596638656
binary,Random forest,blur,1,0.68335273573923161,0.76040472368722767,0.64949974767975083,0.62891811193697988,0.64949974767975083,0.6432584269662921,0.96218487394957986,0.77104377104377109,0.66318537859007831,0.037815126050420166
binary,k-NN,blur,1,0.7031431897555297,0.70346517477665016,0.70587138249555692,0.70236226891955245,0.70587138249555692,0.75878220140515218,0.68067226890756305,0.71760797342192695,0.2689295039164491,0.31932773109243695
binary,Logistic regression,blur,1,0.71827706635622812,0.7226558672719553,0.72437303903284556,0.71813916910727849,0.72437303903284556,0.79104477611940294,0.66806722689075626,0.72437357630979504,0.21932114882506529,0.33193277310924368
binary,SVM (RBF),blur,2,0.56111757857974387,0.5921407185628742,0.51012846391820432,0.39307166538287819,0.51012846391820432,0.55928143712574852,0.98109243697478987,0.71243325705568272,0.96083550913838123,0.018907563025210083
binary,SVM (linear),blur,2,0.73341094295692666,0.73487650742115029,0.72221460385720859,0.72431871851109597,0.72221460385720859,0.72912801484230061,0.82563025210084029,0.77438423645320198,0.38120104438642299,0.17436974789915966
binary,Random forest,blur,2,0.58905704307334106,0.66348560700876091,0.54299043377141976,0.46314876289116097,0.54299043377141976,0.57697121401752194,0.96848739495798319,0.72313725490196079,0.88250652741514357,0.031512605042016806
binary,k-NN,blur,2,0.69266589057043071,0.70020210540152705,0.70049860675340625,0.6926621419433181,0.70049860675340625,0.77461139896373055,0.62815126050420167,0.69373549883990715,0.22715404699738903,0.37184873949579833
binary,Logistic regression,blur,2,0.67869615832363217,0.69194448458708047,0.68942394190052003,0.67850401388587556,0.68942394190052003,0.77624309392265189,0.59033613445378152,0.6706443914081146,0.21148825065274152,0.40966386554621848
binary,SVM (RBF),blur,3,0.55529685681024443,0.77738927738927743,0.50130548302872058,0.35942575587206399,0.50130548302872058,0.55477855477855476,1,0.71364317841079461,0.99738903394255873,0
binary,SVM (linear),blur,3,0.63795110593713622,0.65559407796101943,0.60929854970708908,0.59351972307809353,0.60929854970708908,0.62368815592203897,0.87394957983193278,0.72790901137357833,0.65535248041775462,0.12605042016806722
binary,Random forest,blur,3,0.55413271245634454,0.52797833935018046,0.50357088004914763,0.38754451512257598,0.50357088004914763,0.55595667870036103,0.97058823529411764,0.70696250956388673,0.96344647519582249,0.029411764705882353
binary,k-NN,blur,3,0.66472642607683352,0.66924291938997826,0.67044232836737827,0.66459506068395535,0.67044232836737827,0.73499999999999999,0.61764705882352944,0.67123287671232879,0.27676240208877284,0.38235294117647056
binary,Logistic regression,blur,3,0.63445867287543656,0.65122770377060291,0.64695734690743145,0.63370362322776908,0.64695734690743145,0.73546511627906974,0.53151260504201681,0.61707317073170731,0.23759791122715404,0.46848739495798319
binary,SVM (RBF),blur,5,0.55413271245634454,0.27706635622817227,0.5,0.35655430711610486,0.5,0.55413271245634454,1,0.71310861423220973,1,0
binary,SVM (linear),blur,5,0.55762514551804421,0.54102023307356828,0.51258858634837745,0.43118134166062561,0.51258858634837745,0.56091370558375631,0.9285714285714286,0.69936708860759489,0.90339425587467359,0.071428571428571425
binary,Random forest,blur,5,0.54831199068684522,0.41230703259005147,0.49551308774162406,0.36108853343966141,0.49551308774162406,0.55188679245283023,0.98319327731092432,0.70694864048338368,0.9921671018276762,0.01680672268907563
binary,k-NN,blur,5,0.60884749708963914,0.61009870918754738,0.61135002303793584,0.60812043795620441,0.61135002303793584,0.66666666666666663,0.58823529411764708,0.625,0.36553524804177545,0.41176470588235292
binary,Logistic regression,blur,5,0.59953434225844005,0.6248379569613689,0.61620993044737471,0.59645806930909406,0.61620993044737471,0.7142857142857143,0.46218487394957986,0.56122448979591832,0.2297650130548303,0.53781512605042014
