track,cell,orient,dim,acc_mean,acc_std,f1_mean,f1_std,f1_def,extract_s,secs
6class,4,6,23064,0.82549019607843144,0.018440177751197221,0.82137218113659949,0.019313018524705673,,37.406133651733398,38.773208379745483
6class,4,9,34596,0.81176470588235294,0.023620014378552497,0.8066857852500785,0.025334644695678414,,36.023457527160645,37.30778431892395
6class,4,12,46128,0.83790849673202616,0.016612111146586717,0.83423578582491087,0.017666245901585064,,39.707580089569092,41.285043716430664
6class,8,6,5400,0.8875816993464053,0.011433239009500598,0.88617033353445329,0.011586662640009794,,8.4971778392791748,9.1832749843597412
6class,8,9,8100,0.88039215686274519,0.013803079792119506,0.87875512702877945,0.014556673143038368,,10.682406425476074,11.212261438369751
6class,8,12,10800,0.89150326797385626,0.014961468159816459,0.89050670013168942,0.015145452204413309,,11.708511590957642,12.289640665054321
6class,16,6,1176,0.90849673202614378,0.009243225897863333,0.90739652396270998,0.0093682895632291614,,3.3209536075592041,3.5917878150939941
6class,16,9,1764,0.90915032679738561,0.0052287581699346219,0.90813617503865474,0.005492622683455778,,4.4822142124176025,4.9643523693084717
6class,16,12,2352,0.92287581699346399,0.0073365831113214796,0.92233196912362114,0.0077030406306842882,,5.1134393215179443,5.4050893783569336
binary,4,6,5400,0.75841871697014007,0.0088771918793428863,0.75611874074626861,0.0086529216908760569,0.77925038313107786,31.039132833480835,39.445734977722168
binary,4,9,8100,0.74532396954249758,0.007435844957985248,0.74285268839454233,0.0065693456682862214,0.76748271830107817,32.856101274490356,37.932697057723999
binary,4,12,10800,0.73686675910169297,0.0064053569762566572,0.73339513060562089,0.0064097018800069547,0.76365141543973158,28.75501275062561,33.409327268600464
binary,8,6,1176,0.76513635100830568,0.0081242119874875372,0.76358110422094305,0.0082135250793050618,0.78162811338902516,7.9631350040435791,11.653455495834351
binary,8,9,1764,0.76806960374054178,0.010936254472585815,0.76595362882612261,0.010953455733177866,0.78732393294860625,7.4188721179962158,11.810585021972656
binary,8,12,2352,0.76543096560037871,0.013220615873197752,0.76345207655343239,0.013032211085747878,0.78435651737428991,8.2866373062133789,11.85495400428772
binary,16,6,216,0.77498904752692366,0.014951145571836954,0.77410083298301902,0.014931559482187133,0.78621364212342115,4.3528182506561279,7.3800332546234131
binary,16,9,324,0.77597699221884409,0.013206122731980316,0.77450420919065732,0.013032133774597514,0.79111802888999794,3.2026848793029785,6.7617256641387939
binary,16,12,432,0.78013324276947116,0.0078435409896540718,0.77841225838300254,0.0073736672726477572,0.79646666893024665,5.3368756771087646,8.644057035446167
