track,clf,param,f1_mean,f1_std,acc_mean,acc_std,secs
6class,SVM (RBF),"{""C"": 1, ""gmult"": 0.25}",0.88811628124419106,0.012026837594625188,0.88954248366013078,0.012122377118295046,
6class,SVM (RBF),"{""C"": 10, ""gmult"": 0.25}",0.90027912362241269,0.013726155515906157,0.90130718954248368,0.013137092315190712,
6class,SVM (RBF),"{""C"": 100, ""gmult"": 0.25}",0.89831155248141648,0.012132145343319438,0.89934640522875819,0.011581728854032268,
6class,SVM (RBF),"{""C"": 1000, ""gmult"": 0.25}",0.89831155248141648,0.012132145343319438,0.89934640522875819,0.011581728854032268,
6class,SVM (RBF),"{""C"": 1, ""gmult"": 0.5}",0.9071223959203415,0.0068204896297270742,0.90784313725490196,0.0066653849850885835,
6class,SVM (RBF),"{""C"": 10, ""gmult"": 0.5}",0.90985629618435193,0.010221053652521066,0.91045751633986927,0.0098256839074332709,
6class,SVM (RBF),"{""C"": 100, ""gmult"": 0.5}",0.90985629618435193,0.010221053652521066,0.91045751633986927,0.0098256839074332709,
6class,SVM (RBF),"{""C"": 1000, ""gmult"": 0.5}",0.90985629618435193,0.010221053652521066,0.91045751633986927,0.0098256839074332709,
6class,SVM (RBF),"{""C"": 1, ""gmult"": 1.0}",0.91428198899398827,0.0072332238261657951,0.91503267973856206,0.0068549597919617929,
6class,SVM (RBF),"{""C"": 10, ""gmult"": 1.0}",0.92233196912362114,0.0077030406306842882,0.92287581699346399,0.0073365831113214796,
6class,SVM (RBF),"{""C"": 100, ""gmult"": 1.0}",0.92233196912362114,0.0077030406306842882,0.92287581699346399,0.0073365831113214796,
6class,SVM (RBF),"{""C"": 1000, ""gmult"": 1.0}",0.92233196912362114,0.0077030406306842882,0.92287581699346399,0.0073365831113214796,
6class,SVM (RBF),"{""C"": 1, ""gmult"": 2.0}",0.91393081660354603,0.0088285192130143769,0.91503267973856206,0.0085218332094152312,
6class,SVM (RBF),"{""C"": 10, ""gmult"": 2.0}",0.91600804986849149,0.0069036847553222407,0.91699346405228754,0.0067291700267889023,
6class,SVM (RBF),"{""C"": 100, ""gmult"": 2.0}",0.91600804986849149,0.0069036847553222407,0.91699346405228754,0.0067291700267889023,
6class,SVM (RBF),"{""C"": 1000, ""gmult"": 2.0}",0.91600804986849149,0.0069036847553222407,0.91699346405228754,0.0067291700267889023,
6class,SVM (RBF),"{""C"": 1, ""gmult"": 4.0}",0.874577316360727,0.017260047814144877,0.87647058823529422,0.016968307170911325,
6class,SVM (RBF),"{""C"": 10, ""gmult"": 4.0}",0.88090398475758092,0.014450509112919143,0.88235294117647067,0.014319543987063164,
6class,SVM (RBF),"{""C"": 100, ""gmult"": 4.0}",0.88090398475758092,0.014450509112919143,0.88235294117647067,0.014319543987063164,
6class,SVM (RBF),"{""C"": 1000, ""gmult"": 4.0}",0.88090398475758092,0.014450509112919143,0.88235294117647067,0.014319543987063164,
6class,SVM (linear),"{""C"": 0.1}",0.79440740605066484,,0.79869281045751639,,11.164535522460938
6class,SVM (linear),"{""C"": 1}",0.76162259095522467,,0.76339869281045747,,44.989546775817871
6class,SVM (linear),"{""C"": 10}",0.74236577478354127,,0.74379084967320264,,114.01660919189453
6class,k-NN,"{""k"": 1}",0.77100464779052524,,0.79542483660130725,,0.3561553955078125
6class,k-NN,"{""k"": 3}",0.75945256209297929,,0.79019607843137252,,0.31441950798034668
6class,k-NN,"{""k"": 5}",0.73844529975184359,,0.77647058823529402,,0.29763007164001465
6class,k-NN,"{""k"": 7}",0.71571062473514258,,0.76209150326797381,,0.29571723937988281
6class,k-NN,"{""k"": 9}",0.70339604090070529,,0.75163398692810457,,0.31672167778015137
6class,Logistic regression,"{""C"": 1}",0.84431774897234424,,0.84640522875816993,,2.0783464908599854
6class,Logistic regression,"{""C"": 10}",0.85926343583301279,,0.85947712418300659,,2.0087823867797852
6class,Logistic regression,"{""C"": 100}",0.86656999464779272,,0.86601307189542487,,1.9359536170959473
binary,SVM (RBF),"{""C"": 1, ""gmult"": 0.5}",0.75372311870152409,0.010113820318720594,0.75429578593825819,0.010345525257414768,
binary,SVM (RBF),"{""C"": 10, ""gmult"": 0.5}",0.76469742611108726,0.013320124745556116,0.7650947103250052,0.013375859957806248,
binary,SVM (RBF),"{""C"": 100, ""gmult"": 0.5}",0.75243266585950175,0.013086591038858307,0.75406454971412851,0.012204179070784835,
binary,SVM (RBF),"{""C"": 1, ""gmult"": 1.0}",0.76414236295184901,0.011810581887291168,0.76466959999645812,0.01179293049088042,
binary,SVM (RBF),"{""C"": 10, ""gmult"": 1.0}",0.77410083298301902,0.014931559482187133,0.77498904752692366,0.014951145571836954,
binary,SVM (RBF),"{""C"": 100, ""gmult"": 1.0}",0.75577690249758733,0.010507994566245949,0.75801852914006862,0.0095236089057984911,
binary,SVM (RBF),"{""C"": 1, ""gmult"": 2.0}",0.7722507265333316,0.011568831628235871,0.77293453192854844,0.011142075306313445,
binary,SVM (RBF),"{""C"": 10, ""gmult"": 2.0}",0.77198047173237216,0.011460181373038735,0.77396648580706273,0.010544681023571137,
binary,SVM (RBF),"{""C"": 100, ""gmult"": 2.0}",0.76777769068398505,0.011904095793496326,0.77005927035149146,0.010771624601557984,
binary,SVM (linear),"{""C"": 0.1}",0.70688099062612586,,0.70768525881394351,,0.4274742603302002
binary,SVM (linear),"{""C"": 1}",0.72303880395490738,,0.72388862421255784,,2.4138429164886475
binary,SVM (linear),"{""C"": 10}",0.73095046866162028,,0.73175423831749309,,23.065022706985474
binary,k-NN,"{""k"": 1}",0.69061633607022654,,0.6925479175902074,,0.46532917022705078
binary,k-NN,"{""k"": 3}",0.69326451905379383,,0.69779841718495761,,0.47484683990478516
binary,k-NN,"{""k"": 5}",0.689594014456967,,0.69573662347228971,,0.51142001152038574
binary,k-NN,"{""k"": 7}",0.68686738787232371,,0.69386448489192465,,0.37895703315734863
binary,k-NN,"{""k"": 9}",0.68471830255967236,,0.69230209972912271,,0.31195998191833496
binary,Logistic regression,"{""C"": 1}",0.70462893825576678,,0.7047047047047047,,0.070118427276611328
binary,Logistic regression,"{""C"": 10}",0.7006419089902336,,0.70070070070070067,,0.082317829132080078
binary,Logistic regression,"{""C"": 100}",0.70366777568445094,,0.70370370370370372,,0.073131799697875977
